<?xml version="1.0" encoding="UTF-8"?><metadata>
    <idinfo>
        <citation>
            <citeinfo>
                <title>Map</title>
            </citeinfo>
        </citation>
        <descript>
            <abstract>This
layer shows the aggregated emissions resulting from energy 
consumption in buildings across different neighborhoods and sectors 
(i.e., residential, commercial and industrial). The data is mapped to census
tracts.  This
layer has been populated with utility energy consumption data 
procured directly from Puget Sound Energy (gas), aggregated and anonymized by sector, quarter, and census 
tract. Some tracts have their data combined and averaged with 
neighboring tracts for privacy purposes. If data is aggregated in a 
tract, the &amp;quot;grouped flag&amp;quot; field will read
 &amp;quot;true&amp;quot;. For more information please visit the  One Seattle Climate Portal item description page. </abstract>
            <purpose>Puget Sound Energy usage data.</purpose>
        </descript>
        <keywords>
            <theme>
                <themekt>None</themekt>
                <themekey>OSE</themekey>
                <themekey>Emissions</themekey>
            </theme>
        </keywords>
        <accconst>None</accconst>
        <useconst>This layer is used to populate a map within the One Seattle Climate Portal website.The City of Seattle makes no representation or warranty as to its 
accuracy, and in particular, its accuracy as to labeling, dimensions, 
contours, property boundaries, or placement or location of any map 
feature thereof.</useconst>
        <datacred>Puget Sound Energy, The Office of Sustainability and Environment, Seattle IT GIS</datacred>
    </idinfo>
    <metainfo>
        <metstdn>FGDC Content Standard for Digital Geospatial Metadata</metstdn>
        <metstdv>FGDC-STD-001-1998</metstdv>
        <mettc>local time</mettc>
    </metainfo>
</metadata>
